,1Y: Inc: Median Income Past 12m,1Y: Ed: % w/ BA,1Y: Hsg: Median Gross Rent,1Y: Hsg: Median House Val,5Y: Inc: Median Income Past 12m,5Y: Ed: % w/ BA,5Y: Hsg: Median Gross Rent,5Y: Hsg: Median House Val,1Y CHG: Inc: Median Income Past 12m,5Y CHG: Inc: Median Income Past 12m,1Y CHG > Median Inc: Median Income Past 12m,5Y CHG > Median Inc: Median Income Past 12m,1Y CHG > 75th Inc: Median Income Past 12m,5Y CHG > 75th Inc: Median Income Past 12m,1Y CHG: Ed: % w/ BA,5Y CHG: Ed: % w/ BA,1Y CHG > Median Ed: % w/ BA,5Y CHG > Median Ed: % w/ BA,1Y CHG > 75th Ed: % w/ BA,5Y CHG > 75th Ed: % w/ BA,1Y CHG: Hsg: Median Gross Rent,5Y CHG: Hsg: Median Gross Rent,1Y CHG > Median Hsg: Median Gross Rent,5Y CHG > Median Hsg: Median Gross Rent,1Y CHG > 75th Hsg: Median Gross Rent,5Y CHG > 75th Hsg: Median Gross Rent,1Y CHG: Hsg: Median House Val,5Y CHG: Hsg: Median House Val,1Y CHG > Median Hsg: Median House Val,5Y CHG > Median Hsg: Median House Val,1Y CHG > 75th Hsg: Median House Val,5Y CHG > 75th Hsg: Median House Val,Gentrified 1Y Median,Gentrified 1Y 75th,Gentrified 5Y Median,Gentrified 5Y 75th
0,48353,0.40915008368978983,1106,570400,54362,0.40387845472591233,1219,641200,865.0,6874.0,False,True,False,False,-0.013206529653947974,-0.01847815861782548,False,False,False,False,5.0,118.0,False,False,False,False,-8900.0,61900.0,False,False,False,False,False,False,False,False
1,55855,0.3386613386613387,1496,467700,52926,0.4073754954333965,1608,528100,4032.0,1103.0,True,False,True,False,-0.0038753308813705423,0.06483882589068729,False,True,False,True,-25.0,87.0,False,False,False,False,27900.0,88300.0,True,True,True,False,False,False,False,False
2,24546,0.36325167037861916,865,292200,31480,0.4241922927209031,1087,366100,800.0,7734.0,False,True,False,False,0.02587384766207046,0.08681447000435438,True,True,True,True,36.0,258.0,False,True,False,False,-8100.0,65800.0,False,False,False,False,False,False,True,False
3,49099,0.3855109961190168,1590,338300,76111,0.39923896499238964,1734,447100,9190.0,36202.0,True,True,True,True,-0.022487099572485236,-0.008759130699112383,False,False,False,False,68.0,212.0,True,False,False,False,21200.0,130000.0,True,True,False,True,False,False,False,False
4,43903,0.4247834077185613,1122,379900,50853,0.381498657554308,1304,426500,-2212.0,4738.0,False,False,False,False,0.008505171791705846,-0.03477957837254747,True,False,False,False,15.0,197.0,False,False,False,False,4800.0,51400.0,False,False,False,False,False,False,False,False
5,20596,0.15145544111061351,752,153000,23059,0.20497082670303857,892,202800,-360.0,2103.0,False,False,False,False,0.005301594956767353,0.058816980549192405,True,True,False,True,8.0,148.0,False,False,False,False,4100.0,53900.0,False,False,False,False,False,False,False,False
6,22573,0.2122799664710813,898,144200,27457,0.23085113045656666,998,159600,-1090.0,3794.0,False,False,False,False,-0.0027004370707970626,0.0158707269146883,False,False,False,False,23.0,123.0,False,False,False,False,3500.0,18900.0,False,False,False,False,False,False,False,False
7,4950,0.33408499566348654,1088,292500,6234,0.39722933293178736,1140,432800,-230.0,1054.0,False,False,False,False,-0.02255475695633824,0.04058958031196258,False,True,False,False,87.0,139.0,True,False,True,False,-7500.0,132800.0,False,True,False,True,False,False,False,False
8,42216,0.37829036635006785,962,307800,46193,0.3756496149270553,1150,367600,690.0,4667.0,False,False,False,False,0.003777250635338958,0.0011364992123263917,False,False,False,False,24.0,212.0,False,False,False,False,5500.0,65300.0,False,False,False,False,False,False,False,False
9,31481,0.2635986258230747,901,168600,37237,0.3130183220829315,1046,188100,521.0,6277.0,False,True,False,False,-0.014055254640796822,0.035364441619059994,False,True,False,False,14.0,159.0,False,False,False,False,1400.0,20900.0,False,False,False,False,False,False,False,False
10,38315,0.32292445774121165,1146,215500,41366,0.37247171751799796,1219,290200,-875.0,2176.0,False,False,False,False,0.015813432746055678,0.06536069252284199,True,True,True,True,123.0,196.0,True,False,True,False,2900.0,77600.0,False,True,False,False,False,False,False,False
11,41970,0.34524061903752384,1012,303100,40307,0.3413614075569657,1222,330500,-1554.0,-3217.0,False,False,False,False,-0.007484329020650993,-0.011363540501209135,False,False,False,False,23.0,233.0,False,True,False,False,7800.0,35200.0,False,False,False,False,False,False,False,False
12,21382,0.14052809922639217,826,134900,23498,0.13782150386507377,933,150700,265.0,2381.0,False,False,False,False,0.0005635415997184978,-0.0021430537615999,False,False,False,False,31.0,138.0,False,False,False,False,900.0,16700.0,False,False,False,False,False,False,False,False
13,19182,0.20976740815882908,766,175400,25681,0.23904210785520807,990,251000,1172.0,7671.0,True,True,False,False,-0.0053333624398668456,0.023941337256512152,False,True,False,False,71.0,295.0,True,True,True,True,7900.0,83500.0,False,True,False,False,False,False,True,False
14,30018,0.24849719816607233,990,166200,31596,0.26512780386019824,1140,204500,1426.0,3004.0,True,False,False,False,0.010189790469154747,0.026820396163280663,True,True,False,False,32.0,182.0,False,False,False,False,6400.0,44700.0,False,False,False,False,False,False,False,False
15,24096,0.0963035019455253,1041,100600,23850,0.07345923785200618,1061,115600,208.0,-38.0,False,False,False,False,-0.009942221835141304,-0.03278648592866042,False,False,False,False,-31.0,-11.0,False,False,False,False,-2300.0,12700.0,False,False,False,False,False,False,False,False
16,31044,0.4261723009814613,930,265100,32302,0.38929658134956147,1170,313300,-383.0,875.0,False,False,False,False,-0.0032516145567530463,-0.040127334188652886,False,False,False,False,43.0,283.0,True,True,False,False,13900.0,62100.0,True,False,False,False,False,False,False,False
17,36062,0.24494371633959736,1128,163900,37243,0.2620559823533886,1209,180800,1141.0,2322.0,True,False,False,False,0.0005414673753045829,0.017653733389095844,False,False,False,False,-15.0,66.0,False,False,False,False,900.0,17800.0,False,False,False,False,False,False,False,False
18,45839,0.4339443312966735,1183,621900,55650,0.4404701718907988,1362,735000,999.0,10810.0,False,True,False,True,0.007179830947267485,0.013705671541392794,True,False,False,False,90.0,269.0,True,True,True,False,28100.0,141200.0,True,True,True,True,False,False,False,False
19,16911,0.10891377053947943,870,121000,20676,0.14389976888456393,970,178100,-57.0,3708.0,False,False,False,False,0.003092105101012224,0.03807810344609673,False,True,False,False,40.0,140.0,False,False,False,False,-700.0,56400.0,False,False,False,False,False,False,False,False
20,38649,0.3209086345381526,1050,349900,46394,0.4277549154092364,1092,378200,-792.0,6953.0,False,True,False,False,-0.006977688730053444,0.09986859214103033,False,True,False,True,13.0,55.0,False,False,False,False,1800.0,30100.0,False,False,False,False,False,False,False,False
21,31489,0.35063022331826277,940,338200,36698,0.4063258232235702,1167,421800,1063.0,6272.0,False,True,False,False,0.004245396527640832,0.05994099643294826,False,True,False,True,45.0,272.0,True,True,False,False,8100.0,91700.0,False,True,False,False,False,False,True,False
22,26423,0.1313953488372093,1189,114400,25846,0.12495230827928272,1307,123300,-806.0,-1383.0,False,False,False,False,0.00961057193432216,0.0031675313763955826,True,False,False,False,-8.0,110.0,False,False,False,False,1500.0,10400.0,False,False,False,False,False,False,False,False
23,62640,0.43818931619833124,2001,350500,66937,0.43930312475025973,2316,394600,2369.0,6666.0,True,True,True,False,0.004131711347396427,0.005245519899324924,False,False,False,False,0.0,315.0,False,True,False,True,1500.0,45600.0,False,False,False,False,False,False,False,False
24,22275,0.09330985915492958,639,54400,21232,0.08771929824561403,963,80600,5400.0,4357.0,True,False,True,False,0.010270989896979055,0.004680428987663507,True,False,False,False,-30.0,294.0,False,True,False,False,10200.0,36400.0,False,False,False,False,False,False,False,False
25,46322,0.36747027097277274,1018,243200,51285,0.40794534703484703,1188,286400,-3812.0,1151.0,False,False,False,False,0.022611435141472624,0.06308651120354691,True,True,True,True,41.0,211.0,False,False,False,False,-2500.0,40700.0,False,False,False,False,False,False,False,False
26,48549,0.38399539435808866,1185,324500,53773,0.3855516293678838,2023,370800,-3658.0,1566.0,False,False,False,False,0.006019552913266335,0.007575787923061461,True,False,False,False,46.0,884.0,True,True,False,True,-500.0,45800.0,False,False,False,False,False,False,False,False
27,29183,0.2024041585445094,1061,163000,32007,0.23315289872126774,1309,177600,-1542.0,1282.0,False,False,False,False,-0.0036314735000912424,0.027117266676667084,False,True,False,False,13.0,261.0,False,True,False,False,-7700.0,6900.0,False,False,False,False,False,False,False,False
28,43758,0.385782917392968,1150,233900,45983,0.39667440641150475,1307,275600,-167.0,2058.0,False,False,False,False,-0.0011677919951039173,0.009723697023432842,False,False,False,False,57.0,214.0,True,False,False,False,4000.0,45700.0,False,False,False,False,False,False,False,False
29,31655,0.30728761881987204,895,253300,39526,0.3587598974015836,1082,321200,726.0,8597.0,False,True,False,False,0.019228727852636185,0.07070100643434774,True,True,True,True,17.0,204.0,False,False,False,False,15000.0,82900.0,True,True,False,False,False,False,True,False
30,20929,0.09473597155026259,946,108100,23797,0.12027168611582788,1067,111400,-257.0,2611.0,False,False,False,False,0.0033879355330369565,0.028923650098602247,False,True,False,False,48.0,169.0,True,False,False,False,-700.0,2600.0,False,False,False,False,False,False,False,False
31,34495,0.2866371354743448,1095,185500,36659,0.2935115402731983,1240,221000,-1275.0,889.0,False,False,False,False,0.0001517061764765848,0.007026110975330124,False,False,False,False,9.0,154.0,False,False,False,False,3700.0,39200.0,False,False,False,False,False,False,False,False
32,41052,0.37790697674418605,888,342300,47421,0.42828018057375855,1157,454300,1086.0,7455.0,True,True,False,False,0.011497322034162594,0.06187052586373509,True,True,False,True,5.0,274.0,False,True,False,False,11700.0,123700.0,False,True,False,True,False,False,True,False
33,30665,0.15379530681943374,1333,141300,31533,0.17662716812639534,1251,152600,307.0,1175.0,False,False,False,False,0.0357945995224869,0.0586264608294485,True,True,True,True,29.0,-53.0,False,False,False,False,-2200.0,9100.0,False,False,False,False,False,False,False,False
34,36012,0.3267506404782237,1008,192300,39324,0.34121411854611455,1100,218600,-182.0,3130.0,False,False,False,False,6.257380029389692e-05,0.01452605186818473,False,False,False,False,-4.0,88.0,False,False,False,False,5000.0,31300.0,False,False,False,False,False,False,False,False
35,22610,0.07975460122699386,442,111000,15593,0.05721393034825871,848,121200,-2167.0,-9184.0,False,False,False,False,0.004203709306742021,-0.018336961571993132,False,False,False,False,-746.0,-340.0,False,False,False,False,5100.0,15300.0,False,False,False,False,False,False,False,False
36,22689,0.19324034334763948,817,176500,25491,0.24174139292849509,889,231300,-322.0,2480.0,False,False,False,False,0.014629170411961767,0.06313021999281737,True,True,True,True,2.0,74.0,False,False,False,False,8200.0,63000.0,False,False,False,False,False,False,False,False
37,19371,0.07265707265707266,962,105700,21866,0.08798084350378495,1038,111500,-741.0,1754.0,False,False,False,False,0.017106494751867034,0.03243026559857932,True,True,True,False,23.0,99.0,False,False,False,False,-600.0,5200.0,False,False,False,False,False,False,False,False
38,35960,0.3602863336189948,1050,198500,41456,0.3696083406375421,1192,226300,-766.0,4730.0,False,False,False,False,0.01285149704472921,0.022173504063276506,True,True,False,False,61.0,203.0,True,False,False,False,1200.0,29000.0,False,False,False,False,False,False,False,False
39,44920,0.38942415415639703,1016,436800,47975,0.3935670762161622,1186,509600,-1964.0,1091.0,False,False,False,False,-0.010364346984583661,-0.006221424924818475,False,False,False,False,47.0,217.0,True,False,False,False,7100.0,79900.0,False,True,False,False,False,False,False,False
40,41753,0.33973847871152923,1311,321700,45810,0.3529454598412583,1495,352300,792.0,4849.0,False,False,False,False,-0.001432064575060732,0.011774916554668335,False,False,False,False,14.0,198.0,False,False,False,False,-800.0,29800.0,False,False,False,False,False,False,False,False
41,16835,0.14662227214377407,835,120200,21119,0.20744860128075499,951,141300,131.0,4415.0,False,False,False,False,0.01643438070327302,0.07726070984025393,True,True,True,True,24.0,140.0,False,False,False,False,3200.0,24300.0,False,False,False,False,False,False,False,False
42,60667,0.42353504200786984,1221,619900,63265,0.4350679078284755,1449,749000,-67.0,2531.0,False,False,False,False,-0.0010182161036671467,0.010514649716938496,False,False,False,False,16.0,244.0,False,True,False,False,9100.0,138200.0,False,True,False,True,False,False,False,False
43,31266,0.2730444569499156,969,167600,32112,0.2189948006932409,1121,169300,-773.0,73.0,False,False,False,False,0.005348935947362798,-0.048700720309311885,True,False,False,False,44.0,196.0,True,False,False,False,3300.0,5000.0,False,False,False,False,False,False,False,False
44,64483,0.4586324585147699,1688,388600,66980,0.4432537749634681,1489,484100,436.0,2933.0,False,False,False,False,-0.029108016777572576,-0.04448670032887442,False,False,False,False,115.0,-84.0,True,False,True,False,13300.0,108800.0,False,True,False,False,False,False,False,False
45,5377,0.35975407111997343,1088,307200,6659,0.41810899728222,1198,417800,427.0,1709.0,False,False,False,False,0.02566907545648689,0.08402400161873347,True,True,True,True,0.0,110.0,False,False,False,False,14700.0,125300.0,True,True,False,True,False,False,False,False
46,42107,0.3775629271545258,984,312300,47779,0.3637654759331872,1203,389900,-109.0,5563.0,False,False,False,False,-0.0007274391955420789,-0.014524890416880654,False,False,False,False,22.0,241.0,False,True,False,False,4500.0,82100.0,False,True,False,False,False,False,False,False
47,32646,0.27268220128904314,940,170500,37411,0.3236411263916176,1093,205500,1165.0,5930.0,True,True,False,False,0.009083575465968441,0.06004250056854288,True,True,False,True,39.0,192.0,False,False,False,False,1900.0,36900.0,False,False,False,False,False,False,False,False
48,40358,0.3496218731820826,1236,228900,47207,0.3721935805754199,1425,313700,2043.0,8892.0,True,True,False,True,0.026697415440870953,0.04926912283420826,True,True,True,False,90.0,279.0,True,True,True,False,13400.0,98200.0,True,True,False,False,True,False,True,False
49,41887,0.34861118487439585,1063,306900,42469,0.33688107357704766,1255,359500,-83.0,499.0,False,False,False,False,0.003370565836872008,-0.008359545460476181,False,False,False,False,51.0,243.0,True,True,False,False,3800.0,56400.0,False,False,False,False,False,False,False,False
50,21008,0.14893149653246304,852,135700,25049,0.14000315855969678,1003,161000,-374.0,3667.0,False,False,False,False,0.00840339730607087,-0.0005249406666953949,True,False,False,False,26.0,177.0,False,False,False,False,800.0,26100.0,False,False,False,False,False,False,False,False
51,23475,0.10488066727227682,1105,99700,24867,0.08357883950301012,1303,123900,-621.0,771.0,False,False,False,False,0.008577165326751526,-0.012724662442515175,True,False,False,False,64.0,262.0,True,True,False,False,-900.0,23300.0,False,False,False,False,False,False,False,False
52,34438,0.4065775950668037,974,279200,36827,0.433859649122807,1280,358900,3394.0,5783.0,True,False,True,False,-0.019594705914657617,0.007687348141345696,False,False,False,False,44.0,350.0,True,True,False,True,14100.0,93800.0,True,True,False,False,False,False,False,False
53,36406,0.2522361744216049,1153,165700,38767,0.2633382106277435,1312,198500,344.0,2705.0,False,False,False,False,0.007292458082007541,0.01839449428814613,True,False,False,False,25.0,184.0,False,False,False,False,1800.0,34600.0,False,False,False,False,False,False,False,False
54,47876,0.44557800148638604,1192,641200,56830,0.42338709677419356,1319,767400,2037.0,10991.0,True,True,False,True,0.011633670189712564,-0.010557234522479919,True,False,False,False,9.0,136.0,False,False,False,False,19300.0,145500.0,True,True,False,True,True,False,False,False
55,17548,0.10767326732673267,899,124800,23224,0.17051856962170864,990,212400,637.0,6313.0,False,True,False,False,-0.0012405032127467547,0.06160479908222921,False,True,False,True,29.0,120.0,False,False,False,False,3800.0,91400.0,False,True,False,False,False,False,True,False
56,39955,0.3297910024796316,1051,344700,44003,0.41290391611384547,1136,392800,1306.0,5354.0,True,False,False,False,0.008882367941479008,0.09199528157569287,True,True,False,True,1.0,86.0,False,False,False,False,-5200.0,42900.0,False,False,False,False,False,False,False,False
57,31351,0.3709887467859886,983,347500,39785,0.4185456673820341,1235,464400,-138.0,8296.0,False,True,False,False,0.02035852346772582,0.06791544406377131,True,True,True,True,43.0,295.0,True,True,False,True,9300.0,126200.0,False,True,False,True,False,False,True,False
58,24460,0.1141491395793499,1289,111800,27831,0.09642088793272052,1338,137800,-1963.0,1408.0,False,False,False,False,-0.0172462092578594,-0.034974460904488774,False,False,False,False,100.0,149.0,True,False,True,False,-2600.0,23400.0,False,False,False,False,False,False,False,False
59,60938,0.44525615809684366,2001,355900,70658,0.4634051790975345,2339,426700,-1702.0,8018.0,False,True,False,False,0.0070668418985124215,0.025215862899203245,True,True,False,False,0.0,338.0,False,True,False,True,5400.0,76200.0,False,False,False,False,False,False,True,False
60,19875,0.128060263653484,690,72100,20764,0.14321608040201006,1048,86100,-2400.0,-1511.0,False,False,False,False,0.03475040449855442,0.04990622124708048,True,True,True,True,51.0,409.0,True,True,False,True,17700.0,31700.0,True,False,False,False,False,False,False,False
61,20670,0.21986691363106264,807,188000,28191,0.2557165090386687,1020,297700,1488.0,9009.0,True,True,False,True,0.010099505472233566,0.04594910087983964,True,True,False,False,41.0,254.0,False,True,False,False,12600.0,122300.0,False,True,False,True,False,False,True,False
62,30388,0.2492104368106506,1020,170200,33053,0.2709534938570724,1218,229200,370.0,3035.0,False,False,False,False,0.0007132386445782846,0.022456295691000078,False,True,False,False,30.0,228.0,False,True,False,False,4000.0,63000.0,False,False,False,False,False,False,False,False
63,30752,0.17607269056032307,1328,141200,33448,0.1978689818468824,1273,160600,87.0,2783.0,False,False,False,False,0.022277383740889334,0.04407367502744866,True,True,True,False,-5.0,-60.0,False,False,False,False,-100.0,19300.0,False,False,False,False,False,False,False,False
64,35899,0.31323577951369785,1027,191300,40835,0.33634063678457204,1178,234200,-113.0,4823.0,False,False,False,False,-0.013514860964525865,0.009589996306348325,False,False,False,False,19.0,170.0,False,False,False,False,-1000.0,41900.0,False,False,False,False,False,False,False,False
65,22029,0.06725663716814159,439,112500,18818,0.05263157894736842,859,129700,-581.0,-3792.0,False,False,False,False,-0.01249796405885227,-0.027123022279625444,False,False,False,False,-3.0,417.0,False,True,False,True,1500.0,18700.0,False,False,False,False,False,False,False,False
66,23943,0.2132375897596004,840,178500,27346,0.2418005867670885,964,268700,1254.0,4657.0,True,False,False,False,0.019997246411960906,0.048560243419449006,True,True,True,False,23.0,147.0,False,False,False,False,2000.0,92200.0,False,True,False,False,False,False,False,False
67,20123,0.07926882093043403,947,102000,23161,0.0823555621565424,1091,122100,752.0,3790.0,False,False,False,False,0.006611748273361362,0.009698489499469734,True,False,False,False,-15.0,129.0,False,False,False,False,-3700.0,16400.0,False,False,False,False,False,False,False,False
68,37322,0.3625689559188218,1117,202600,44283,0.37860287776315193,1219,249700,1362.0,8323.0,True,True,False,False,0.0022826222998270085,0.01831654414415712,False,False,False,False,67.0,169.0,True,False,False,False,4100.0,51200.0,False,False,False,False,False,False,False,False
69,21377,0.10006056935190794,962,106500,25416,0.1309088375657505,1104,121500,448.0,4487.0,False,False,False,False,0.005324597801645348,0.036172866015487914,True,True,False,False,16.0,158.0,False,False,False,False,-1600.0,13400.0,False,False,False,False,False,False,False,False
70,34388,0.3039012206704893,1138,187900,38243,0.30334644547061174,1326,238600,-107.0,3748.0,False,False,False,False,0.01726408519614453,0.016709309996266963,True,False,True,False,43.0,231.0,True,True,False,False,2400.0,53100.0,False,False,False,False,False,False,False,False
71,38897,0.3610026041666667,894,364400,52894,0.4120247568523431,1213,476700,-2155.0,11842.0,False,True,False,True,-0.016904372577519367,0.034117780108157025,False,True,False,False,6.0,325.0,False,True,False,True,22100.0,134400.0,True,True,False,True,False,False,True,False
72,52582,0.4326301463082681,1138,580300,60545,0.4370139968895801,1281,659400,4229.0,12192.0,True,True,True,True,0.023480062618478292,0.027863913199790258,True,True,True,False,32.0,175.0,False,False,False,False,9900.0,89000.0,False,True,False,False,False,False,True,False
73,53695,0.34995014955134596,1459,487900,53638,0.3922398589065256,1511,533800,-2160.0,-2217.0,False,False,False,False,0.011288810890007273,0.05357852024518689,True,True,False,True,-37.0,15.0,False,False,False,False,20200.0,66100.0,True,False,False,False,False,False,False,False
74,25985,0.37757212847033206,876,297200,35455,0.43265007320644217,1200,395200,1439.0,10909.0,True,True,False,True,0.014320458091712895,0.069398402827823,True,True,True,True,11.0,335.0,False,True,False,True,5000.0,103000.0,False,True,False,False,False,False,True,True
75,59986,0.38101870274572225,1653,372000,81451,0.42264257481648787,1847,476700,10887.0,32352.0,True,True,True,True,-0.0044922933732945425,0.03713157869747108,False,True,False,False,63.0,257.0,True,True,False,False,33700.0,138400.0,True,True,True,True,False,False,True,False
76,45174,0.41307974641307976,1147,373400,52849,0.3765586034912718,1362,463200,1271.0,8946.0,True,True,False,True,-0.01170366130548156,-0.04822480422728953,False,False,False,False,25.0,240.0,False,True,False,False,-6500.0,83300.0,False,True,False,False,False,False,False,False
77,20318,0.1744670219853431,805,163900,25802,0.23313244156989563,962,233900,-278.0,5206.0,False,False,False,False,0.023011580874729598,0.08167700045928211,True,True,True,True,53.0,210.0,True,False,False,False,10900.0,80900.0,False,True,False,False,False,False,False,False
78,23804,0.22694080829155028,918,146100,30585,0.2535477767265847,1072,178100,1231.0,8012.0,True,True,False,False,0.014660841820468978,0.041267810255503384,True,True,True,False,20.0,174.0,False,False,False,False,1900.0,33900.0,False,False,False,False,False,False,False,False
79,47405,0.3566788861020001,1023,247200,52786,0.37741123846798996,1250,319800,1083.0,6464.0,True,True,False,False,-0.010791384870772636,0.009940967495217223,False,False,False,False,5.0,232.0,False,True,False,False,4000.0,76600.0,False,True,False,False,False,False,False,False
80,52182,0.38071679859278806,1232,338700,55295,0.3850729621712055,1979,394600,3633.0,6746.0,True,True,True,False,-0.003278595765300596,0.0010775678131168531,False,False,False,False,47.0,794.0,True,True,False,True,14200.0,70100.0,True,False,False,False,False,False,False,False
81,30038,0.23028761494815106,1104,167800,34772,0.22171022813113764,1387,203800,855.0,5589.0,False,False,False,False,0.02788345640364165,0.019306069586628227,True,False,True,False,43.0,326.0,True,True,False,True,4800.0,40800.0,False,False,False,False,False,False,False,False
82,44539,0.3981281198003328,1178,237800,50601,0.41977707706973677,1335,296900,781.0,6843.0,False,True,False,False,0.012345202407364808,0.033994159676768776,True,True,False,False,28.0,185.0,False,False,False,False,3900.0,63000.0,False,False,False,False,False,False,False,False
83,34199,0.3113815318539728,912,259400,39852,0.3533984895601955,1120,348600,2544.0,8197.0,True,True,True,False,0.004093913034100782,0.04611087074032344,False,True,False,False,17.0,225.0,False,False,False,False,6100.0,95300.0,False,True,False,False,False,False,True,False
84,45792,0.4064355901090595,1098,442300,50536,0.39860382216060997,1231,572700,872.0,5616.0,False,False,False,False,0.017011435952662468,0.009179668004212937,True,False,True,False,82.0,215.0,True,False,True,False,5500.0,135900.0,False,True,False,True,False,False,False,False
85,41131,0.3448060075093867,1300,326900,47080,0.3703543958018834,1715,377400,-622.0,5327.0,False,False,False,False,0.00506752879785749,0.03061591709035416,True,True,False,False,-11.0,404.0,False,True,False,True,5200.0,55700.0,False,False,False,False,False,False,False,False
86,16478,0.14866371851567006,851,127500,22480,0.20841882533983072,1002,156800,-357.0,5645.0,False,False,False,False,0.0020414463718959885,0.06179655319605665,False,True,False,True,16.0,167.0,False,False,False,False,7300.0,36600.0,False,False,False,False,False,False,False,False
87,60066,0.4232276265607858,1225,634000,63448,0.43571750789434116,1456,812900,-601.0,2781.0,False,False,False,False,-0.00030741544708406954,0.012182465886471316,False,False,False,False,4.0,235.0,False,True,False,False,14100.0,193000.0,True,True,False,True,False,False,False,False
88,32031,0.24422442244224424,997,163000,35726,0.24102531403430466,1183,183200,765.0,4460.0,False,False,False,False,-0.028820034507671344,-0.03201914291561092,False,False,False,False,28.0,214.0,False,False,False,False,-4600.0,15600.0,False,False,False,False,False,False,False,False
89,64888,0.44328985186822906,1702,389900,62277,0.47207471159128367,1466,495800,405.0,-2206.0,False,False,False,False,-0.015342606646540857,0.013442253076513755,False,False,False,False,14.0,-222.0,False,False,False,False,1300.0,107200.0,False,True,False,False,False,False,False,False
90,23705,0.08924763935424916,1043,96000,26917,0.08354321518520794,1229,137400,230.0,3442.0,False,False,False,False,-0.01563302791802766,-0.021337452087068887,False,False,False,False,-62.0,124.0,False,False,False,False,-3700.0,37700.0,False,False,False,False,False,False,False,False
91,35682,0.4280287884846062,1055,288600,40227,0.43278805120910385,1359,382700,1244.0,5789.0,True,True,False,False,0.021451193417802494,0.026210456142300165,True,True,True,False,81.0,385.0,True,True,True,True,9400.0,103500.0,False,True,False,False,True,False,True,False
92,36000,0.25332896300241736,1116,168100,39527,0.261515197852422,1355,214600,-406.0,3121.0,False,False,False,False,0.0010927885808124649,0.009279023430817102,False,False,False,False,-37.0,202.0,False,False,False,False,2400.0,48900.0,False,False,False,False,False,False,False,False
93,49242,0.44994064107637516,1224,692800,61361,0.4181864396009405,1452,822800,1366.0,13485.0,True,True,False,True,0.004362639589989115,-0.02739156188544556,False,False,False,False,32.0,260.0,False,True,False,False,51600.0,181600.0,True,True,True,True,False,False,False,False
94,18529,0.11421765295887663,920,140400,24906,0.2118510158013544,1100,245500,981.0,7358.0,False,True,False,False,0.006544385632143962,0.10417774847462173,True,True,False,True,21.0,201.0,False,False,False,False,15600.0,120700.0,True,True,False,True,False,False,True,False
95,41967,0.35319305113775384,1046,350500,43553,0.45775035804781317,1189,447400,2012.0,3598.0,True,False,False,False,0.023402048658122232,0.12795935556818155,True,True,True,True,-5.0,138.0,False,False,False,False,5800.0,102700.0,False,True,False,False,False,False,False,False
96,33047,0.38192892085398644,1041,361300,43314,0.4308316213548198,1344,500600,1696.0,11963.0,True,True,False,True,0.010940174067997854,0.059842874568831195,True,True,False,True,58.0,361.0,True,True,False,True,13800.0,153100.0,True,True,False,True,True,False,True,True
97,26662,0.124853228962818,1351,115800,31112,0.11038719285182427,1504,160200,2202.0,6652.0,True,True,False,False,0.010704089383468104,-0.003761946727525625,True,False,False,False,62.0,215.0,True,False,False,False,4000.0,48400.0,False,False,False,False,True,False,False,False
98,60016,0.44999119563303397,2001,364600,73243,0.426517571884984,2309,447500,-922.0,12305.0,False,True,False,True,0.004735037536190312,-0.018738586211859642,False,False,False,False,0.0,308.0,False,True,False,True,8700.0,91600.0,False,True,False,False,False,False,False,False
99,21755,0.10952380952380952,908,84500,20980,0.05631067961165048,1067,58300,1880.0,1105.0,True,False,False,False,-0.018536454129674473,-0.07174958404183351,False,False,False,False,218.0,377.0,True,True,True,True,12400.0,-13800.0,False,False,False,False,False,False,False,False
100,5741,0.34836930066526045,1094,342000,6952,0.4199636516147071,1238,444700,364.0,1575.0,False,False,False,False,-0.011384770454712978,0.06020958049473368,False,True,False,True,6.0,150.0,False,False,False,False,34800.0,137500.0,True,True,True,True,False,False,False,False
101,43227,0.37187846384560214,1032,320900,51818,0.3826118855465884,1260,414600,1120.0,9711.0,True,True,False,True,-0.005684463308923637,0.005048958392062652,False,False,False,False,48.0,276.0,True,True,False,False,8600.0,102300.0,False,True,False,False,False,False,False,False
102,33664,0.28926765052310677,962,175200,38216,0.31706998891135607,1132,228200,1018.0,5570.0,False,False,False,False,0.01658544923406363,0.044387787622312935,True,True,True,False,22.0,192.0,False,False,False,False,4700.0,57700.0,False,False,False,False,False,False,False,False
103,40421,0.32677016281711474,1348,237000,48267,0.37979828390787296,1490,330000,63.0,7909.0,False,True,False,False,-0.02285171036496786,0.03017641072579036,False,True,False,False,112.0,254.0,True,True,True,False,8100.0,101100.0,False,True,False,False,False,False,True,False
104,39554,0.33612194621227676,1097,312500,48913,0.3391261171797418,1353,388900,-2333.0,7026.0,False,True,False,False,-0.012489238662119095,-0.00948506769465407,False,False,False,False,34.0,290.0,False,True,False,False,5600.0,82000.0,False,True,False,False,False,False,False,False
105,21434,0.14326980345443716,869,136300,26297,0.15246671284537827,1058,177300,426.0,5289.0,False,False,False,False,-0.005661693078025887,0.003535216312915229,False,False,False,False,17.0,206.0,False,False,False,False,600.0,41600.0,False,False,False,False,False,False,False,False
106,30728,0.18144461692996072,1289,139400,34979,0.17246835443037975,1352,168300,-24.0,4227.0,False,False,False,False,0.005371926369637653,-0.0036043361299433196,True,False,False,False,-39.0,24.0,False,False,False,False,-1800.0,27100.0,False,False,False,False,False,False,False,False
107,35527,0.31573736321000523,1039,198600,42350,0.3400065484821554,1250,261800,-372.0,6451.0,False,True,False,False,0.0025015836963073745,0.026770768968457537,False,True,False,False,12.0,223.0,False,False,False,False,7300.0,70500.0,False,False,False,False,False,False,False,False
108,18953,0.05203252032520325,441,112200,17738,0.04468864468864469,840,131800,-3076.0,-4291.0,False,False,False,False,-0.01522411684293834,-0.022567992479496903,False,False,False,False,2.0,401.0,False,True,False,True,-300.0,19300.0,False,False,False,False,False,False,False,False
109,23299,0.21371618893823174,850,189100,30183,0.2525672473288155,1049,300600,-644.0,6240.0,False,True,False,False,0.0004785991786313559,0.03932965756921514,False,True,False,False,10.0,209.0,False,False,False,False,10600.0,122100.0,False,True,False,True,False,False,True,False
110,18794,0.07714105793450882,953,97900,23766,0.09211485206238158,1216,133400,-1329.0,3643.0,False,False,False,False,-0.0021277629959252087,0.012846031131947558,False,False,False,False,6.0,269.0,False,True,False,False,-4100.0,31400.0,False,False,False,False,False,False,False,False
111,36813,0.35000967679504547,1147,206400,47005,0.37136682397565385,1274,271200,-509.0,9683.0,False,True,False,True,-0.012559279123776357,0.008797868056832026,False,False,False,False,30.0,157.0,False,False,False,False,3800.0,68600.0,False,False,False,False,False,False,False,False
112,22177,0.11314902741614336,982,107200,26404,0.15218947009712047,1157,138500,800.0,5027.0,False,False,False,False,0.01308845806423542,0.052128900745212536,True,True,False,True,20.0,195.0,False,False,False,False,700.0,32000.0,False,False,False,False,False,False,False,False
113,35164,0.29638374951481433,1181,192800,40744,0.30942887782880085,1392,256200,776.0,6356.0,False,True,False,False,-0.007517471155674971,0.00552765715831155,False,False,False,False,43.0,254.0,True,True,False,False,4900.0,68300.0,False,False,False,False,False,False,False,False
114,43122,0.35567884111573433,932,377600,55284,0.42824273799252227,1236,493200,4225.0,16387.0,True,True,True,True,-0.005323763050932351,0.06724013382585559,False,True,False,True,38.0,342.0,False,True,False,True,13200.0,128800.0,False,True,False,True,False,False,True,True
115,20981,0.22066631271568887,839,203200,31495,0.28219523373052247,1159,361500,311.0,10825.0,False,True,False,True,0.0007993990846262289,0.06232832009945982,False,True,False,True,32.0,352.0,False,True,False,True,15200.0,173500.0,True,True,False,True,False,False,True,True
116,30756,0.2561888177710843,1058,174600,35121,0.2722603098727383,1293,255200,368.0,4733.0,False,False,False,False,0.006978380960433711,0.023049873062087695,True,True,False,False,38.0,273.0,False,True,False,False,4400.0,85000.0,False,True,False,False,False,False,False,False
117,52208,0.4221246707638279,1172,557000,65220,0.43556085918854415,1329,700300,-374.0,12638.0,False,True,False,True,-0.010505475544440201,0.0029307128802760207,False,False,False,False,34.0,191.0,False,False,False,False,-23300.0,120000.0,False,True,False,True,False,False,False,False
118,54730,0.3869196205691463,1485,489900,63951,0.389126559714795,1842,579500,1035.0,10256.0,False,True,False,True,0.03696947101780035,0.03917641016344903,True,True,True,False,26.0,383.0,False,True,False,True,2000.0,91600.0,False,True,False,False,False,False,True,False
119,27942,0.38545571382671096,905,295700,37279,0.4274374460742019,1299,450000,1957.0,11294.0,True,True,False,True,0.007883585356378897,0.04986531760386986,True,True,False,True,29.0,423.0,False,True,False,True,-1500.0,152800.0,False,True,False,True,False,False,True,True
120,65046,0.3821335322640806,1691,430800,81354,0.4664908284378372,1950,435400,5060.0,21368.0,True,True,True,True,0.00111482951835834,0.08547212569211493,False,True,False,True,38.0,297.0,False,True,False,True,58800.0,63400.0,True,False,True,False,False,False,True,True
121,47787,0.384565812792009,1191,387600,54065,0.3905579399141631,1453,482400,2613.0,8891.0,True,True,True,True,-0.02851393362107074,-0.022521806498916663,False,False,False,False,44.0,306.0,True,True,False,True,14200.0,109000.0,True,True,False,True,False,False,False,False
122,21190,0.17849678767706478,831,170600,29165,0.25327658424537225,1061,253800,872.0,8847.0,False,True,False,True,0.004029765691721671,0.07880956226002914,False,True,False,True,26.0,256.0,False,True,False,False,6700.0,89900.0,False,True,False,False,False,False,True,False
123,24447,0.22068426064481023,931,147200,32520,0.25557640191786535,1142,202200,643.0,8716.0,False,True,False,False,-0.006256547646740052,0.02863559362631507,False,True,False,False,13.0,224.0,False,False,False,False,1100.0,56100.0,False,False,False,False,False,False,False,False
124,48232,0.3740558686008872,1068,253400,54055,0.3742462050322312,1338,347900,827.0,6650.0,False,True,False,False,0.017376982498887084,0.017567318930231113,True,False,True,False,45.0,315.0,True,True,False,True,6200.0,100700.0,False,True,False,False,False,False,False,False
125,51137,0.3721599671018814,1214,341300,57549,0.3966107972960459,1565,428000,-1045.0,5367.0,False,False,False,False,-0.008556831490906691,0.01589399870325786,False,False,False,False,-18.0,333.0,False,True,False,True,2600.0,89300.0,False,True,False,False,False,False,False,False
126,31223,0.23769730733519034,1147,168100,36821,0.22185135736537606,1390,222700,1185.0,6783.0,True,True,False,False,0.007409692387039285,-0.008436257582774997,True,False,False,False,43.0,286.0,True,True,False,False,300.0,54900.0,False,False,False,False,True,False,False,False
127,44578,0.3964757709251101,1214,248300,53584,0.4023670780701437,1396,322400,39.0,9045.0,False,True,False,True,-0.0016523488752226978,0.004238958269810911,False,False,False,False,36.0,218.0,False,False,False,False,10500.0,84600.0,False,True,False,False,False,False,False,False
128,34367,0.3354051699099622,996,277100,41574,0.35212266724871766,1178,389000,168.0,7375.0,False,True,False,False,0.024023638055989394,0.04074113539474483,True,True,True,False,84.0,266.0,True,True,True,False,17700.0,129600.0,True,True,False,True,False,False,True,False
129,46725,0.4075683031508427,1119,452500,52402,0.3943445748526717,1266,606000,933.0,6610.0,False,True,False,False,0.0011327130417831954,-0.012091015256387783,False,False,False,False,21.0,168.0,False,False,False,False,10200.0,163700.0,False,True,False,True,False,False,False,False
130,42294,0.33218125960061445,1328,325000,51640,0.3841308911894592,1759,406800,1163.0,10509.0,True,True,False,True,-0.012624747908772271,0.039324883680072475,False,True,False,False,28.0,459.0,False,True,False,True,-1900.0,79900.0,False,True,False,False,False,False,True,False
131,16711,0.1667398623920363,866,133400,25868,0.23624929603904637,1082,194000,233.0,9390.0,False,True,False,True,0.018076143876366246,0.08758557752337631,True,True,True,True,15.0,231.0,False,True,False,False,5900.0,66500.0,False,False,False,False,False,False,True,False
132,61215,0.4269066157892023,1325,666600,64608,0.4504581184599209,1519,851900,1149.0,4542.0,True,False,False,False,0.0036789892284165293,0.027230491899135123,False,True,False,False,100.0,294.0,True,True,True,False,32600.0,217900.0,True,True,True,True,False,False,False,False
133,31942,0.22897196261682243,1045,163000,36604,0.24843798329724714,1204,211000,-89.0,4573.0,False,False,False,False,-0.01525245982542181,0.004213560855002907,False,False,False,False,48.0,207.0,True,False,False,False,0.0,48000.0,False,False,False,False,False,False,False,False
134,65269,0.42870864461045893,1406,411100,63552,0.43698752228163995,1496,519100,381.0,-1336.0,False,False,False,False,-0.014581207257770123,-0.006302329586589106,False,False,False,False,-296.0,-206.0,False,False,False,False,21200.0,129200.0,True,True,False,True,False,False,False,False
135,23317,0.12407254740313273,1012,106000,26989,0.15836852270123408,1180,164300,1140.0,4812.0,True,False,False,False,0.010923519986989372,0.04521949528509073,True,True,False,False,30.0,198.0,False,False,False,False,-1200.0,57100.0,False,False,False,False,False,False,False,False
136,35653,0.29402934779278866,1198,205800,42997,0.3267607919506654,1396,272100,489.0,7833.0,False,True,False,False,-0.0023544017220256674,0.030377042435851043,False,True,False,False,17.0,215.0,False,False,False,False,13000.0,79300.0,False,True,False,False,False,False,True,False
137,45021,0.37306387372768846,1023,395600,54852,0.44846796657381616,1261,537700,1899.0,11730.0,True,True,False,True,0.01738503261195412,0.09278912545808182,True,True,True,True,91.0,329.0,True,True,True,True,18000.0,160100.0,True,True,False,True,True,False,True,True
138,46801,0.39560059887135784,1284,257400,55414,0.4147511997979288,1423,344700,2223.0,10836.0,True,True,True,True,-0.00087517205375226,0.01827542887281869,False,False,False,False,70.0,209.0,True,False,True,False,9100.0,96400.0,False,True,False,False,False,False,False,False
139,48171,0.3815289232029011,1103,273200,53841,0.37255002302850415,1382,369200,-61.0,5609.0,False,False,False,False,0.007473054602013918,-0.0015058455723830355,True,False,False,False,35.0,314.0,False,True,False,True,19800.0,115800.0,True,True,False,True,False,False,False,False
140,52148,0.3797808764940239,1579,350900,59910,0.4059158945117605,1875,454600,1011.0,8773.0,False,True,False,False,0.00762090939214255,0.03375592740987915,True,True,False,False,365.0,661.0,True,True,True,True,9600.0,113300.0,False,True,False,True,False,False,True,False
141,30980,0.2362894311708188,1180,169400,36843,0.24827201005375968,1459,235600,-243.0,5620.0,False,False,False,False,-0.0014078761643715465,0.010574702718569334,False,False,False,False,33.0,312.0,False,True,False,True,1300.0,67500.0,False,False,False,False,False,False,False,False
142,37900,0.35693012600229096,1020,302500,45331,0.3451079782459475,1213,416300,3533.0,10964.0,True,True,True,True,0.02152495609232874,0.009702808335985302,True,False,True,False,24.0,217.0,False,False,False,False,25400.0,139200.0,True,True,True,True,True,True,False,False
143,48679,0.4148252624980411,1150,476400,53128,0.3909229783669246,1297,636800,1954.0,6403.0,True,True,False,False,0.007256959347198388,-0.016645324783918114,True,False,False,False,31.0,178.0,False,False,False,False,23900.0,184300.0,True,True,False,True,True,False,False,False
144,45289,0.34457741211667914,1564,340800,54693,0.39018773117454114,1820,421300,2995.0,12399.0,True,True,True,True,0.012396152516064685,0.05800647157392669,True,True,False,True,236.0,492.0,True,True,True,True,15800.0,96300.0,True,True,False,False,True,False,True,True
145,18147,0.18702490629488214,901,139000,26948,0.2503496928784285,1150,208300,1436.0,10237.0,True,True,False,True,0.02028504390284583,0.0836098304863922,True,True,True,True,35.0,284.0,False,True,False,False,5600.0,74900.0,False,False,False,False,False,False,True,False
146,61476,0.4333452192960114,1421,713400,67858,0.4572677161444108,1638,903900,261.0,6643.0,False,True,False,False,0.006438603506809082,0.030361100355208503,True,True,False,False,96.0,313.0,True,True,True,True,46800.0,237300.0,True,True,True,True,False,False,True,False
147,32139,0.23562912901511124,1055,159300,40185,0.25980277060342805,1247,223700,197.0,8243.0,False,True,False,False,0.006657166398288811,0.03083080798660562,True,True,False,False,10.0,202.0,False,False,False,False,-3700.0,60700.0,False,False,False,False,False,False,False,False
148,66600,0.4339300080450523,1393,467300,66429,0.46934574420477937,1837,536800,1331.0,1160.0,True,False,False,False,0.00522136343459334,0.040637099594320436,True,True,False,False,-13.0,431.0,False,True,False,True,56200.0,125700.0,True,True,True,True,True,False,False,False
149,31156,0.16730717669139333,1191,145000,35910,0.17518540789737422,1447,187700,428.0,5182.0,False,False,False,False,-0.01413744023856739,-0.006259209032586505,False,False,False,False,-98.0,158.0,False,False,False,False,5600.0,48300.0,False,False,False,False,False,False,False,False
150,37838,0.315710648494833,1057,205600,44470,0.3363842234383846,1301,285500,2311.0,8943.0,True,True,True,True,-2.6714715172238e-05,0.02064686022837936,False,False,False,False,18.0,262.0,False,True,False,False,7000.0,86900.0,False,True,False,False,False,False,False,False
151,19472,0.06970260223048327,817,113300,20159,0.04294478527607362,1008,144000,519.0,1206.0,False,False,False,False,0.017670081905280022,-0.00908773504912963,True,False,True,False,376.0,567.0,True,True,True,True,1100.0,31800.0,False,False,False,False,False,False,False,False
152,23737,0.22636130840218388,856,207600,32034,0.2730316278703375,1115,338100,438.0,8735.0,False,True,False,False,0.012645119463952137,0.05931543893210578,True,True,False,True,6.0,265.0,False,True,False,False,18500.0,149000.0,True,True,False,True,False,False,True,False
153,20489,0.0840630472854641,946,109100,26052,0.09913793103448276,1261,147400,1695.0,7258.0,True,True,False,False,0.006921989350955282,0.021996873099973946,True,True,False,False,-7.0,308.0,False,True,False,True,11200.0,49500.0,False,False,False,False,False,False,True,False
154,40337,0.36121761900308613,1160,215500,48971,0.36851551149474404,1364,295200,3524.0,12158.0,True,True,True,True,0.011207942208040667,0.018505834699698576,True,False,False,False,13.0,217.0,False,False,False,False,9100.0,88800.0,False,True,False,False,False,False,False,False
155,,0.41373124592302674,1187,576100,68777,0.41943982251802553,1365,730800,,16569.0,False,True,False,True,-0.008393424840801189,-0.002684848245802396,False,False,False,False,15.0,193.0,False,False,False,False,19100.0,173800.0,True,True,False,True,False,False,False,False
156,,0.42441054091539526,1653,497900,71144,0.3821962536518302,2512,623900,,16414.0,False,True,False,True,0.03749092034624896,-0.004723366917316119,True,False,True,False,168.0,1027.0,True,True,True,True,8000.0,134000.0,False,True,False,True,False,False,False,False
157,28491,0.3994031079551302,963,322900,40059,0.4407555333666167,1375,483300,549.0,12117.0,False,True,False,True,0.013947394128419222,0.05529981953990576,True,True,False,True,58.0,470.0,True,True,False,True,27200.0,187600.0,True,True,True,True,False,False,True,True
158,,0.41124212566628976,1752,440100,84226,0.4910547118785105,2262,448100,,19180.0,False,True,False,True,0.02910859340220917,0.10892117961442993,True,True,True,True,61.0,571.0,True,True,False,True,9300.0,17300.0,False,False,False,False,False,False,True,True
159,50358,0.3825830140485313,1240,410400,54629,0.398747553816047,1560,496200,2571.0,6842.0,True,True,True,False,-0.0019827987434777317,0.014181741024037964,False,False,False,False,49.0,369.0,True,True,False,True,22800.0,108600.0,True,True,False,False,False,False,False,False
160,,0.20617469879518072,852,187400,30110,0.26091869972744797,1114,275500,,8920.0,False,True,False,True,0.027677911118115933,0.08242191205038318,True,True,True,True,21.0,283.0,False,True,False,False,16800.0,104900.0,True,True,False,False,False,False,True,False
161,25398,0.2330246419072644,962,151200,34314,0.2608994164092001,1196,222400,951.0,9867.0,False,True,False,True,0.012340381262454181,0.04021515576438989,True,True,False,False,31.0,265.0,False,True,False,False,4000.0,75200.0,False,False,False,False,False,False,True,False
162,6121,0.37997235447703887,1108,385600,7491,0.4326250856751199,1313,431300,380.0,1750.0,False,False,False,False,0.031603053811778414,0.08425578500985947,True,True,True,True,14.0,219.0,False,False,False,False,43600.0,89300.0,True,True,True,False,False,False,False,False
163,44678,0.3676442521788918,1081,341200,52828,0.3862516996525155,1287,444100,1451.0,9601.0,True,True,False,True,-0.004234211666710341,0.014373235806913354,False,False,False,False,49.0,255.0,True,True,False,False,20300.0,123200.0,True,True,False,True,False,False,False,False
164,22086,0.1386035475563529,893,142700,26884,0.15282800884066708,1105,199600,652.0,5450.0,False,False,False,False,-0.004666255898084254,0.009558205386229923,False,False,False,False,24.0,236.0,False,True,False,False,6400.0,63300.0,False,False,False,False,False,False,False,False
165,36249,0.2816788807461692,991,182300,41129,0.33224521773193183,1171,257500,2585.0,7465.0,True,True,True,False,-0.007588769776937565,0.04297756720882506,False,True,False,False,29.0,209.0,False,False,False,False,7100.0,82300.0,False,True,False,False,False,False,True,False
166,41077,0.3519533321548524,1373,266100,45657,0.3494809688581315,1577,344200,656.0,5236.0,False,False,False,False,0.025183169337737676,0.022710806041016773,True,True,True,False,25.0,229.0,False,True,False,False,29100.0,107200.0,True,True,True,False,False,False,False,False
167,,0.35203055890631285,1151,322700,51447,0.35468936020106706,1425,418900,,11893.0,False,True,False,True,0.015908612694036095,0.018567413988790304,True,False,True,False,54.0,328.0,True,True,False,True,10200.0,106400.0,False,True,False,False,False,False,False,False
168,,0.07767918088737201,1085,104200,30373,0.083901571301512,1280,148300,,6668.0,False,True,False,False,-0.011568458466877152,-0.005346068052737157,False,False,False,False,42.0,237.0,True,True,False,False,8200.0,52300.0,False,False,False,False,False,False,False,False
169,34250,0.4233265343964398,1081,293000,41325,0.4256508824043334,1414,423100,-1432.0,5643.0,False,False,False,False,-0.00470225408816638,-0.0023779060802727736,False,False,False,False,26.0,359.0,False,True,False,True,4400.0,134500.0,False,True,False,True,False,False,False,False
170,,0.22086650137022054,893,235400,32422,0.3088560070671378,1223,399400,,11441.0,False,True,False,True,0.0002001886545316689,0.08818969435144891,False,True,False,True,54.0,384.0,True,True,False,True,32200.0,196200.0,True,True,True,True,False,False,True,True
171,30621,0.26161852600959024,1092,183900,38192,0.29739636790180346,1337,279500,-135.0,7436.0,False,True,False,False,0.005429708238505915,0.04120755013071914,True,True,False,False,34.0,279.0,False,True,False,False,9300.0,104900.0,False,True,False,False,False,False,True,False
172,36616,0.25991354637506664,1139,172900,41474,0.2714314029929636,1383,232700,616.0,5474.0,False,False,False,False,0.0065845833726492775,0.018102439990546226,True,False,False,False,23.0,267.0,False,True,False,False,4800.0,64600.0,False,False,False,False,False,False,False,False
173,52082,0.4400128246232767,1266,704700,65449,0.42671971252566737,1507,849600,2840.0,16207.0,True,True,True,True,-0.009927816453098481,-0.023220928550707787,False,False,False,False,42.0,283.0,True,True,False,False,11900.0,156800.0,False,True,False,True,False,False,False,False
174,18290,0.11462016827216193,920,156800,25994,0.23274680073126142,1179,284400,-239.0,7465.0,False,True,False,False,0.00040251531328529266,0.11852914777238478,False,True,False,True,0.0,259.0,False,True,False,False,16400.0,144000.0,True,True,False,True,False,False,True,False
175,,0.36322496129570087,1059,358100,47974,0.45865293684984765,1257,473500,,6007.0,False,True,False,False,0.010031910157947022,0.1054598857120938,True,True,False,True,13.0,211.0,False,False,False,False,7600.0,123000.0,False,True,False,True,False,False,True,False
176,35373,0.3915431081823174,1088,385700,47676,0.43948726047588965,1428,553300,2326.0,14629.0,True,True,True,True,0.00961418732833097,0.05755833962190321,True,True,False,True,47.0,387.0,True,True,False,True,24400.0,192000.0,True,True,True,True,True,False,True,True
177,,0.11395164486722156,1291,121100,30733,0.10740354535974973,1546,167700,,4071.0,False,False,False,False,-0.01090158409559644,-0.01744968360306827,False,False,False,False,-60.0,195.0,False,False,False,False,5300.0,51900.0,False,False,False,False,False,False,False,False
178,60114,0.4467310298102981,2282,381400,76276,0.44061999708921556,2424,467000,98.0,16260.0,False,True,False,True,-0.003260165822735861,-0.009371198543818404,False,False,False,False,281.0,423.0,True,True,True,True,16800.0,102400.0,True,True,False,False,False,False,False,False
179,22182,0.11585365853658537,911,76400,21694,0.07100591715976332,1095,-666666666,427.0,-61.0,False,False,False,False,0.006329849012775848,-0.03851789236404621,True,False,False,False,3.0,187.0,False,False,False,False,-8100.0,-666751166.0,False,False,False,False,False,False,False,False
180,54362,0.40387845472591233,1219,641200,,,,,,,False,False,False,False,-0.009852791197114408,,False,False,False,False,32.0,,False,False,False,False,65100.0,,True,False,True,False,False,False,False,False
181,52926,0.4073754954333965,1608,528100,,,,,,,False,False,False,False,-0.017035045481998745,,False,False,False,False,-45.0,,False,False,False,False,30200.0,,True,False,True,False,False,False,False,False
182,31480,0.4241922927209031,1087,366100,,,,,2989.0,,True,False,True,False,0.02478918476577291,,True,False,True,False,124.0,,True,False,True,False,43200.0,,True,False,True,False,True,True,False,False
183,76111,0.39923896499238964,1734,447100,,,,,,,False,False,False,False,-0.012003160673900115,,False,False,False,False,-18.0,,False,False,False,False,7000.0,,False,False,False,False,False,False,False,False
184,50853,0.381498657554308,1304,426500,,,,,495.0,,False,False,False,False,-0.001084356494223282,,False,False,False,False,64.0,,True,False,False,False,16100.0,,True,False,False,False,False,False,False,False
185,23059,0.20497082670303857,892,202800,,,,,,,False,False,False,False,-0.0012038720921421497,,False,False,False,False,40.0,,False,False,False,False,15400.0,,True,False,False,False,False,False,False,False
186,27457,0.23085113045656666,998,159600,,,,,2059.0,,True,False,False,False,-0.002173511450697746,,False,False,False,False,36.0,,False,False,False,False,8400.0,,False,False,False,False,False,False,False,False
187,6234,0.39722933293178736,1140,432800,,,,,113.0,,False,False,False,False,0.017256978454748495,,True,False,True,False,32.0,,False,False,False,False,47200.0,,True,False,True,False,False,False,False,False
188,46193,0.3756496149270553,1150,367600,,,,,1515.0,,True,False,False,False,0.008005362748163491,,True,False,False,False,69.0,,True,False,True,False,26400.0,,True,False,True,False,True,False,False,False
189,37237,0.3130183220829315,1046,188100,,,,,988.0,,False,False,False,False,0.03133944133676231,,True,False,True,False,55.0,,True,False,False,False,5800.0,,False,False,False,False,False,False,False,False
190,41366,0.37247171751799796,1219,290200,,,,,289.0,,False,False,False,False,0.02051838536314554,,True,False,True,False,-154.0,,False,False,False,False,24100.0,,True,False,True,False,False,False,False,False
191,40307,0.3413614075569657,1222,330500,,,,,,,False,False,False,False,-0.01066915134934715,,False,False,False,False,71.0,,True,False,True,False,7800.0,,False,False,False,False,False,False,False,False
192,23498,0.13782150386507377,933,150700,,,,,1412.0,,True,False,False,False,-0.0007820436912791273,,False,False,False,False,40.0,,False,False,False,False,8000.0,,False,False,False,False,False,False,False,False
193,23850,0.07345923785200618,1061,115600,,,,,,,False,False,False,False,-0.004219943035365825,,False,False,False,False,-24.0,,False,False,False,False,11400.0,,False,False,False,False,False,False,False,False
194,32302,0.38929658134956147,1170,313300,,,,,-1948.0,,False,False,False,False,-0.034029953046878336,,False,False,False,False,89.0,,True,False,True,False,20300.0,,True,False,False,False,False,False,False,False
195,37243,0.2620559823533886,1209,180800,,,,,627.0,,False,False,False,False,0.002142435978321977,,False,False,False,False,70.0,,True,False,True,False,7900.0,,False,False,False,False,False,False,False,False
196,55650,0.4404701718907988,1362,735000,,,,,3568.0,,True,False,True,False,0.0004573472675221124,,False,False,False,False,96.0,,True,False,True,False,30300.0,,True,False,True,False,False,False,False,False
197,20676,0.14389976888456393,970,178100,,,,,2386.0,,True,False,True,False,0.029279600612402007,,True,False,True,False,50.0,,True,False,False,False,21300.0,,True,False,False,False,True,False,False,False
198,46394,0.4277549154092364,1092,378200,,,,,,,False,False,False,False,0.06452995411353551,,True,False,True,False,33.0,,False,False,False,False,20100.0,,True,False,False,False,False,False,False,False
199,36698,0.4063258232235702,1167,421800,,,,,1325.0,,True,False,False,False,0.01478271504125278,,True,False,True,False,79.0,,True,False,True,False,36100.0,,True,False,True,False,True,False,False,False
200,25846,0.12495230827928272,1307,123300,,,,,,,False,False,False,False,0.011000663412061157,,True,False,False,False,16.0,,False,False,False,False,2200.0,,False,False,False,False,False,False,False,False
201,66937,0.43930312475025973,2316,394600,,,,,6823.0,,True,False,True,False,-0.007427905060038376,,False,False,False,False,34.0,,False,False,False,False,13200.0,,False,False,False,False,False,False,False,False
202,21232,0.08771929824561403,963,80600,,,,,-950.0,,False,False,False,False,-0.02813436029097134,,False,False,False,False,52.0,,True,False,False,False,4200.0,,False,False,False,False,False,False,False,False
203,25681,0.23904210785520807,990,251000,,,,,,,False,False,False,False,0.018175606484987533,,True,False,True,False,97.0,,True,False,True,False,15600.0,,True,False,False,False,False,False,False,False
204,31596,0.26512780386019824,1140,204500,,,,,975.0,,False,False,False,False,0.003509277850608006,,False,False,False,False,48.0,,True,False,False,False,20600.0,,True,False,False,False,False,False,False,False
205,51285,0.40794534703484703,1188,286400,,,,,3114.0,,True,False,True,False,0.026416423831945923,,True,False,True,False,85.0,,True,False,True,False,13200.0,,False,False,False,False,True,True,False,False
206,53773,0.3855516293678838,2023,370800,,,,,1625.0,,True,False,False,False,0.0057707528738598635,,True,False,False,False,444.0,,True,False,True,False,19900.0,,True,False,False,False,True,False,False,False
207,32007,0.23315289872126774,1309,177600,,,,,1027.0,,False,False,False,False,-0.0031365324495510605,,False,False,False,False,129.0,,True,False,True,False,8200.0,,False,False,False,False,False,False,False,False
208,45983,0.39667440641150475,1307,275600,,,,,-818.0,,False,False,False,False,0.0010738075401469094,,False,False,False,False,23.0,,False,False,False,False,18200.0,,True,False,False,False,False,False,False,False
209,39526,0.3587598974015836,1082,321200,,,,,1626.0,,True,False,False,False,0.0018297713992926345,,False,False,False,False,62.0,,True,False,False,False,18700.0,,True,False,False,False,False,False,False,False
210,23797,0.12027168611582788,1067,111400,,,,,480.0,,False,False,False,False,-0.003800861287304849,,False,False,False,False,55.0,,True,False,False,False,5400.0,,False,False,False,False,False,False,False,False
211,36659,0.2935115402731983,1240,221000,,,,,1006.0,,False,False,False,False,-0.000517807519590352,,False,False,False,False,42.0,,True,False,False,False,15200.0,,True,False,False,False,False,False,False,False
212,47421,0.42828018057375855,1157,454300,,,,,2400.0,,True,False,True,False,0.055216306846070096,,True,False,True,False,134.0,,True,False,True,False,58700.0,,True,False,True,False,True,True,False,False
213,31533,0.17662716812639534,1251,152600,,,,,377.0,,False,False,False,False,0.009319991435002006,,True,False,False,False,60.0,,True,False,False,False,7600.0,,False,False,False,False,False,False,False,False
214,39324,0.34121411854611455,1100,218600,,,,,1486.0,,True,False,False,False,0.025503470051281563,,True,False,True,False,43.0,,True,False,False,False,13000.0,,False,False,False,False,True,False,False,False
215,15593,0.05721393034825871,848,121200,,,,,-3879.0,,False,False,False,False,-0.012488671882224564,,False,False,False,False,31.0,,False,False,False,False,7900.0,,False,False,False,False,False,False,False,False
216,25491,0.24174139292849509,889,231300,,,,,1754.0,,True,False,False,False,0.015380084526311205,,True,False,True,False,33.0,,False,False,False,False,23700.0,,True,False,False,False,True,False,False,False
217,47975,0.3935670762161622,1186,509600,,,,,-704.0,,False,False,False,False,-0.021258186281878866,,False,False,False,False,36.0,,False,False,False,False,33200.0,,True,False,True,False,False,False,False,False
218,45810,0.3529454598412583,1495,352300,,,,,521.0,,False,False,False,False,0.008368047724579164,,True,False,False,False,-69.0,,False,False,False,False,11500.0,,False,False,False,False,False,False,False,False
219,21119,0.20744860128075499,951,141300,,,,,2972.0,,True,False,True,False,0.020423694985872848,,True,False,True,False,50.0,,True,False,False,False,2300.0,,False,False,False,False,True,False,False,False
220,63265,0.4350679078284755,1449,749000,,,,,1789.0,,True,False,False,False,0.0017226885324641006,,False,False,False,False,28.0,,False,False,False,False,35600.0,,True,False,True,False,False,False,False,False
221,32112,0.2189948006932409,1121,169300,,,,,-27.0,,False,False,False,False,-0.01663432832187034,,False,False,False,False,66.0,,True,False,False,False,10000.0,,False,False,False,False,False,False,False,False
222,21866,0.08798084350378495,1038,111500,,,,,1377.0,,True,False,False,False,0.003917796218320849,,False,False,False,False,92.0,,True,False,True,False,2400.0,,False,False,False,False,False,False,False,False
223,41456,0.3696083406375421,1192,226300,,,,,1119.0,,True,False,False,False,0.008390721634455978,,True,False,False,False,32.0,,False,False,False,False,10800.0,,False,False,False,False,False,False,False,False
224,66980,0.4432537749634681,1489,484100,,,,,380.0,,False,False,False,False,0.009323766918415799,,True,False,False,False,96.0,,True,False,True,False,16800.0,,True,False,False,False,False,False,False,False
225,25416,0.1309088375657505,1104,121500,,,,,1619.0,,True,False,False,False,0.010637151449922624,,True,False,False,False,37.0,,False,False,False,False,10100.0,,False,False,False,False,False,False,False,False
226,38243,0.30334644547061174,1326,238600,,,,,1584.0,,True,False,False,False,0.009834905197413424,,True,False,False,False,86.0,,True,False,True,False,17600.0,,True,False,False,False,True,False,False,False
227,52894,0.4120247568523431,1213,476700,,,,,5473.0,,True,False,True,False,-0.016255423721415474,,False,False,False,False,56.0,,True,False,False,False,22400.0,,True,False,False,False,False,False,False,False
228,33448,0.1978689818468824,1273,160600,,,,,1915.0,,True,False,False,False,0.021241813720487057,,True,False,True,False,22.0,,False,False,False,False,8000.0,,False,False,False,False,False,False,False,False
229,40835,0.33634063678457204,1178,234200,,,,,1511.0,,True,False,False,False,-0.0048734817615425086,,False,False,False,False,78.0,,True,False,True,False,15600.0,,True,False,False,False,False,False,False,False
230,18818,0.05263157894736842,859,129700,,,,,3225.0,,True,False,True,False,-0.004582351400890292,,False,False,False,False,11.0,,False,False,False,False,8500.0,,False,False,False,False,False,False,False,False
231,27346,0.2418005867670885,964,268700,,,,,1855.0,,True,False,False,False,5.9193838593402104e-05,,False,False,False,False,75.0,,True,False,True,False,37400.0,,True,False,True,False,False,False,False,False
232,23161,0.0823555621565424,1091,122100,,,,,1295.0,,True,False,False,False,-0.00562528134724255,,False,False,False,False,53.0,,True,False,False,False,10600.0,,False,False,False,False,False,False,False,False
233,44283,0.37860287776315193,1219,249700,,,,,2827.0,,True,False,True,False,0.008994537125609825,,True,False,False,False,27.0,,False,False,False,False,23400.0,,True,False,False,False,True,False,False,False
234,50536,0.39860382216060997,1231,572700,,,,,2561.0,,True,False,True,False,0.005036745944447751,,False,False,False,False,45.0,,True,False,False,False,63100.0,,True,False,True,False,False,False,False,False
235,47080,0.3703543958018834,1715,377400,,,,,1270.0,,True,False,False,False,0.017408935960625094,,True,False,True,False,220.0,,True,False,True,False,25100.0,,True,False,True,False,True,False,False,False
236,22480,0.20841882533983072,1002,156800,,,,,1361.0,,True,False,False,False,0.0009702240590757361,,False,False,False,False,51.0,,True,False,False,False,15500.0,,True,False,False,False,False,False,False,False
237,63448,0.43571750789434116,1456,812900,,,,,183.0,,False,False,False,False,0.0006496000658656742,,False,False,False,False,7.0,,False,False,False,False,63900.0,,True,False,True,False,False,False,False,False
238,35726,0.24102531403430466,1183,183200,,,,,3614.0,,True,False,True,False,0.022030513341063762,,True,False,True,False,62.0,,True,False,False,False,13900.0,,True,False,False,False,True,False,False,False
239,62277,0.47207471159128367,1466,495800,,,,,-4703.0,,False,False,False,False,0.028820936627815597,,True,False,True,False,-23.0,,False,False,False,False,11700.0,,False,False,False,False,False,False,False,False
240,60545,0.4370139968895801,1281,659400,,,,,6183.0,,True,False,True,False,0.033135542163667764,,True,False,True,False,62.0,,True,False,False,False,18200.0,,True,False,False,False,True,False,False,False
241,53638,0.3922398589065256,1511,533800,,,,,712.0,,False,False,False,False,-0.015135636526870944,,False,False,False,False,-97.0,,False,False,False,False,5700.0,,False,False,False,False,False,False,False,False
242,35455,0.43265007320644217,1200,395200,,,,,3975.0,,True,False,True,False,0.00845778048553908,,True,False,False,False,113.0,,True,False,True,False,29100.0,,True,False,True,False,True,False,False,False
243,81451,0.42264257481648787,1847,476700,,,,,5340.0,,True,False,True,False,0.023403609824098226,,True,False,True,False,113.0,,True,False,True,False,29600.0,,True,False,True,False,True,True,False,False
244,52849,0.3765586034912718,1362,463200,,,,,1996.0,,True,False,False,False,-0.004940054063036214,,False,False,False,False,58.0,,True,False,False,False,36700.0,,True,False,True,False,False,False,False,False
245,25802,0.23313244156989563,962,233900,,,,,2743.0,,True,False,True,False,0.02816161486685706,,True,False,True,False,70.0,,True,False,True,False,31100.0,,True,False,True,False,True,True,False,False
246,30585,0.2535477767265847,1072,178100,,,,,3128.0,,True,False,True,False,0.022696646270018023,,True,False,True,False,74.0,,True,False,True,False,18500.0,,True,False,False,False,True,True,False,False
247,6659,0.41810899728222,1198,417800,,,,,425.0,,False,False,False,False,0.020879664350432647,,True,False,True,False,58.0,,True,False,False,False,-15000.0,,False,False,False,False,False,False,False,False
248,47779,0.3637654759331872,1203,389900,,,,,1586.0,,True,False,False,False,-0.011884138993868087,,False,False,False,False,53.0,,True,False,False,False,22300.0,,True,False,False,False,False,False,False,False
249,37411,0.3236411263916176,1093,205500,,,,,174.0,,False,False,False,False,0.010622804308686062,,True,False,False,False,47.0,,True,False,False,False,17400.0,,True,False,False,False,False,False,False,False
250,47207,0.3721935805754199,1425,313700,,,,,5841.0,,True,False,True,False,-0.00027813694257805555,,False,False,False,False,206.0,,True,False,True,False,23500.0,,True,False,False,False,False,False,False,False
251,42469,0.33688107357704766,1255,359500,,,,,2162.0,,True,False,False,False,-0.004480333979918039,,False,False,False,False,33.0,,False,False,False,False,29000.0,,True,False,True,False,False,False,False,False
252,25049,0.14000315855969678,1003,161000,,,,,1551.0,,True,False,False,False,0.002181654694623003,,False,False,False,False,70.0,,True,False,True,False,10300.0,,False,False,False,False,False,False,False,False
253,24867,0.08357883950301012,1303,123900,,,,,1017.0,,False,False,False,False,0.010119601651003937,,True,False,False,False,242.0,,True,False,True,False,8300.0,,False,False,False,False,False,False,False,False
254,36827,0.433859649122807,1280,358900,,,,,4525.0,,True,False,True,False,0.044563067773245535,,True,False,True,False,110.0,,True,False,True,False,45600.0,,True,False,True,False,True,True,False,False
255,38767,0.2633382106277435,1312,198500,,,,,1524.0,,True,False,False,False,0.0012822282743548685,,False,False,False,False,103.0,,True,False,True,False,17700.0,,True,False,False,False,False,False,False,False
256,56830,0.42338709677419356,1319,767400,,,,,1180.0,,True,False,False,False,-0.01708307511660523,,False,False,False,False,-43.0,,False,False,False,False,32400.0,,True,False,True,False,False,False,False,False
257,23224,0.17051856962170864,990,212400,,,,,2548.0,,True,False,True,False,0.026618800737144704,,True,False,True,False,20.0,,False,False,False,False,34300.0,,True,False,True,False,True,True,False,False
258,44003,0.41290391611384547,1136,392800,,,,,-2391.0,,False,False,False,False,-0.01485099929539091,,False,False,False,False,44.0,,True,False,False,False,14600.0,,True,False,False,False,False,False,False,False
259,39785,0.4185456673820341,1235,464400,,,,,3087.0,,True,False,True,False,0.012219844158463888,,True,False,False,False,68.0,,True,False,False,False,42600.0,,True,False,True,False,True,False,False,False
260,27831,0.09642088793272052,1338,137800,,,,,1985.0,,True,False,False,False,-0.028531420346562197,,False,False,False,False,31.0,,False,False,False,False,14500.0,,True,False,False,False,False,False,False,False
261,70658,0.4634051790975345,2339,426700,,,,,3721.0,,True,False,True,False,0.02410205434727475,,True,False,True,False,23.0,,False,False,False,False,32100.0,,True,False,True,False,True,True,False,False
262,20764,0.14321608040201006,1048,86100,,,,,-468.0,,False,False,False,False,0.05549678215639603,,True,False,True,False,85.0,,True,False,True,False,5500.0,,False,False,False,False,False,False,False,False
263,28191,0.2557165090386687,1020,297700,,,,,2510.0,,True,False,True,False,0.01667440118346064,,True,False,True,False,30.0,,False,False,False,False,46700.0,,True,False,True,False,True,True,False,False
264,33053,0.2709534938570724,1218,229200,,,,,1457.0,,True,False,False,False,0.0058256899968741616,,True,False,False,False,78.0,,True,False,True,False,24700.0,,True,False,True,False,True,False,False,False
265,52786,0.37741123846798996,1250,319800,,,,,1501.0,,True,False,False,False,-0.030534108566857066,,False,False,False,False,62.0,,True,False,False,False,33400.0,,True,False,True,False,False,False,False,False
266,55295,0.3850729621712055,1979,394600,,,,,1522.0,,True,False,False,False,-0.00047866719667827295,,False,False,False,False,-44.0,,False,False,False,False,23800.0,,True,False,False,False,False,False,False,False
267,34772,0.22171022813113764,1387,203800,,,,,2765.0,,True,False,True,False,-0.0114426705901301,,False,False,False,False,78.0,,True,False,True,False,26200.0,,True,False,True,False,False,False,False,False
268,50601,0.41977707706973677,1335,296900,,,,,4618.0,,True,False,True,False,0.023102670658232016,,True,False,True,False,28.0,,False,False,False,False,21300.0,,True,False,False,False,True,False,False,False
269,39852,0.3533984895601955,1120,348600,,,,,326.0,,False,False,False,False,-0.0053614078413881106,,False,False,False,False,38.0,,False,False,False,False,27400.0,,True,False,True,False,False,False,False,False
270,52402,0.3943445748526717,1266,606000,,,,,1866.0,,True,False,False,False,-0.004259247307938252,,False,False,False,False,35.0,,False,False,False,False,33300.0,,True,False,True,False,False,False,False,False
271,51640,0.3841308911894592,1759,406800,,,,,4560.0,,True,False,True,False,0.013776495387575804,,True,False,False,False,44.0,,True,False,False,False,29400.0,,True,False,True,False,True,False,False,False
272,25868,0.23624929603904637,1082,194000,,,,,3388.0,,True,False,True,False,0.027830470699215654,,True,False,True,False,80.0,,True,False,True,False,37200.0,,True,False,True,False,True,True,False,False
273,64608,0.4504581184599209,1519,851900,,,,,1160.0,,True,False,False,False,0.014740610565579737,,True,False,True,False,63.0,,True,False,False,False,39000.0,,True,False,True,False,True,False,False,False
274,36604,0.24843798329724714,1204,211000,,,,,878.0,,False,False,False,False,0.007412669262942484,,True,False,False,False,21.0,,False,False,False,False,27800.0,,True,False,True,False,False,False,False,False
275,63552,0.43698752228163995,1496,519100,,,,,1275.0,,True,False,False,False,-0.03508718930964372,,False,False,False,False,30.0,,False,False,False,False,23300.0,,True,False,False,False,False,False,False,False
276,6952,0.4199636516147071,1238,444700,,,,,293.0,,False,False,False,False,0.0018546543324871045,,False,False,False,False,40.0,,False,False,False,False,26900.0,,True,False,True,False,False,False,False,False
277,51818,0.3826118855465884,1260,414600,,,,,4039.0,,True,False,True,False,0.018846409613401227,,True,False,True,False,57.0,,True,False,False,False,24700.0,,True,False,True,False,True,True,False,False
278,38216,0.31706998891135607,1132,228200,,,,,805.0,,False,False,False,False,-0.006571137480261502,,False,False,False,False,39.0,,False,False,False,False,22700.0,,True,False,False,False,False,False,False,False
279,48267,0.37979828390787296,1490,330000,,,,,1060.0,,False,False,False,False,0.0076047033324530555,,True,False,False,False,65.0,,True,False,False,False,16300.0,,True,False,False,False,False,False,False,False
280,48913,0.3391261171797418,1353,388900,,,,,6444.0,,True,False,True,False,0.002245043602694119,,False,False,False,False,98.0,,True,False,True,False,29400.0,,True,False,True,False,False,False,False,False
281,26297,0.15246671284537827,1058,177300,,,,,1248.0,,True,False,False,False,0.012463554285681494,,True,False,False,False,55.0,,True,False,False,False,16300.0,,True,False,False,False,True,False,False,False
282,31495,0.28219523373052247,1159,361500,,,,,3304.0,,True,False,True,False,0.02647872469185375,,True,False,True,False,139.0,,True,False,True,False,63800.0,,True,False,True,False,True,True,False,False
283,35121,0.2722603098727383,1293,255200,,,,,2068.0,,True,False,False,False,0.0013068160156659014,,False,False,False,False,75.0,,True,False,True,False,26000.0,,True,False,True,False,False,False,False,False
284,17738,0.04468864468864469,840,131800,,,,,-1080.0,,False,False,False,False,-0.007942934258723729,,False,False,False,False,-19.0,,False,False,False,False,2100.0,,False,False,False,False,False,False,False,False
285,30183,0.2525672473288155,1049,300600,,,,,2837.0,,True,False,True,False,0.010766660561727037,,True,False,False,False,85.0,,True,False,True,False,31900.0,,True,False,True,False,True,False,False,False
286,23766,0.09211485206238158,1216,133400,,,,,605.0,,False,False,False,False,0.009759289905839186,,True,False,False,False,125.0,,True,False,True,False,11300.0,,False,False,False,False,False,False,False,False
287,47005,0.37136682397565385,1274,271200,,,,,2722.0,,True,False,True,False,-0.007236053787498087,,False,False,False,False,55.0,,True,False,False,False,21500.0,,True,False,False,False,False,False,False,False
288,65220,0.43556085918854415,1329,700300,,,,,4675.0,,True,False,True,False,-0.0014531377010359448,,False,False,False,False,48.0,,True,False,False,False,40900.0,,True,False,True,False,False,False,False,False
289,63951,0.389126559714795,1842,579500,,,,,10313.0,,True,False,True,False,-0.0031132991917305897,,False,False,False,False,331.0,,True,False,True,False,45700.0,,True,False,True,False,False,False,False,False
290,37279,0.4274374460742019,1299,450000,,,,,1824.0,,True,False,False,False,-0.005212627132240244,,False,False,False,False,99.0,,True,False,True,False,54800.0,,True,False,True,False,False,False,False,False
291,81354,0.4664908284378372,1950,435400,,,,,-97.0,,False,False,False,False,0.04384825362134931,,True,False,True,False,103.0,,True,False,True,False,-41300.0,,False,False,False,False,False,False,False,False
292,54065,0.3905579399141631,1453,482400,,,,,1216.0,,True,False,False,False,0.013999336422891306,,True,False,False,False,91.0,,True,False,True,False,19200.0,,True,False,False,False,True,False,False,False
293,29165,0.25327658424537225,1061,253800,,,,,3363.0,,True,False,True,False,0.020144142675476623,,True,False,True,False,99.0,,True,False,True,False,19900.0,,True,False,False,False,True,True,False,False
294,32520,0.25557640191786535,1142,202200,,,,,1935.0,,True,False,False,False,0.002028625191280664,,False,False,False,False,70.0,,True,False,True,False,24100.0,,True,False,True,False,False,False,False,False
295,26917,0.08354321518520794,1229,137400,,,,,2050.0,,True,False,False,False,-3.5624317802185335e-05,,False,False,False,False,-74.0,,False,False,False,False,13500.0,,True,False,False,False,False,False,False,False
296,40227,0.43278805120910385,1359,382700,,,,,3400.0,,True,False,True,False,-0.0010715979137031484,,False,False,False,False,79.0,,True,False,True,False,23800.0,,True,False,False,False,False,False,False,False
297,39527,0.261515197852422,1355,214600,,,,,760.0,,False,False,False,False,-0.0018230127753214864,,False,False,False,False,43.0,,True,False,False,False,16100.0,,True,False,False,False,False,False,False,False
298,61361,0.4181864396009405,1452,822800,,,,,4531.0,,True,False,True,False,-0.005200657173253076,,False,False,False,False,133.0,,True,False,True,False,55400.0,,True,False,True,False,False,False,False,False
299,24906,0.2118510158013544,1100,245500,,,,,1682.0,,True,False,False,False,0.041332446179645765,,True,False,True,False,110.0,,True,False,True,False,33100.0,,True,False,True,False,True,False,False,False
300,43553,0.45775035804781317,1189,447400,,,,,-450.0,,False,False,False,False,0.044846441933967696,,True,False,True,False,53.0,,True,False,False,False,54600.0,,True,False,True,False,False,False,False,False
301,43314,0.4308316213548198,1344,500600,,,,,3529.0,,True,False,True,False,0.012285953972785701,,True,False,False,False,109.0,,True,False,True,False,36200.0,,True,False,True,False,True,False,False,False
302,31112,0.11038719285182427,1504,160200,,,,,3281.0,,True,False,True,False,0.01396630491910375,,True,False,False,False,166.0,,True,False,True,False,22400.0,,True,False,False,False,True,False,False,False
303,73243,0.426517571884984,2309,447500,,,,,2585.0,,True,False,True,False,-0.036887607212550466,,False,False,False,False,-30.0,,False,False,False,False,20800.0,,True,False,False,False,False,False,False,False
304,20980,0.05631067961165048,1067,58300,,,,,216.0,,False,False,False,False,-0.08690540079035958,,False,False,False,False,19.0,,False,False,False,False,-27800.0,,False,False,False,False,False,False,False,False
305,54055,0.3742462050322312,1338,347900,,,,,1269.0,,True,False,False,False,-0.003165033435758746,,False,False,False,False,88.0,,True,False,True,False,28100.0,,True,False,True,False,False,False,False,False
306,57549,0.3966107972960459,1565,428000,,,,,2254.0,,True,False,True,False,0.011537835124840412,,True,False,False,False,-414.0,,False,False,False,False,33400.0,,True,False,True,False,True,False,False,False
307,36821,0.22185135736537606,1390,222700,,,,,2049.0,,True,False,False,False,0.00014112923423842405,,False,False,False,False,3.0,,False,False,False,False,18900.0,,True,False,False,False,False,False,False,False
308,53584,0.4023670780701437,1396,322400,,,,,2983.0,,True,False,True,False,-0.017409998999593057,,False,False,False,False,61.0,,True,False,False,False,25500.0,,True,False,True,False,False,False,False,False
309,41574,0.35212266724871766,1178,389000,,,,,1722.0,,True,False,False,False,-0.0012758223114778255,,False,False,False,False,58.0,,True,False,False,False,40400.0,,True,False,True,False,False,False,False,False
310,26404,0.15218947009712047,1157,138500,,,,,988.0,,False,False,False,False,0.02128063253136997,,True,False,True,False,53.0,,True,False,False,False,17000.0,,True,False,False,False,False,False,False,False
311,40744,0.30942887782880085,1392,256200,,,,,2501.0,,True,False,True,False,0.006082432358189116,,True,False,False,False,66.0,,True,False,False,False,17600.0,,True,False,False,False,True,False,False,False
312,55284,0.42824273799252227,1236,493200,,,,,2390.0,,True,False,True,False,0.016217981140179194,,True,False,True,False,23.0,,False,False,False,False,16500.0,,True,False,False,False,True,False,False,False
313,34979,0.17246835443037975,1352,168300,,,,,1531.0,,True,False,False,False,-0.025400627416502647,,False,False,False,False,79.0,,True,False,True,False,7700.0,,False,False,False,False,False,False,False,False
314,42350,0.3400065484821554,1250,261800,,,,,1515.0,,True,False,False,False,0.003665911697583346,,False,False,False,False,72.0,,True,False,True,False,27600.0,,True,False,True,False,False,False,False,False
315,32422,0.3088560070671378,1223,399400,,,,,927.0,,False,False,False,False,0.026660773336615318,,True,False,True,False,64.0,,True,False,False,False,37900.0,,True,False,True,False,False,False,False,False
316,38192,0.29739636790180346,1337,279500,,,,,3071.0,,True,False,True,False,0.025136058029065156,,True,False,True,False,44.0,,True,False,False,False,24300.0,,True,False,True,False,True,True,False,False
317,35910,0.17518540789737422,1447,187700,,,,,931.0,,False,False,False,False,0.002717053466994468,,False,False,False,False,95.0,,True,False,True,False,19400.0,,True,False,False,False,False,False,False,False
318,44470,0.3363842234383846,1301,285500,,,,,2120.0,,True,False,False,False,-0.003622325043770802,,False,False,False,False,51.0,,True,False,False,False,23700.0,,True,False,False,False,False,False,False,False
319,20159,0.04294478527607362,1008,144000,,,,,2421.0,,True,False,True,False,-0.001743859412571068,,False,False,False,False,168.0,,True,False,True,False,12200.0,,False,False,False,False,False,False,False,False
320,32034,0.2730316278703375,1115,338100,,,,,1851.0,,True,False,False,False,0.020464380541521998,,True,False,True,False,66.0,,True,False,False,False,37500.0,,True,False,True,False,True,False,False,False
321,26989,0.15836852270123408,1180,164300,,,,,585.0,,False,False,False,False,0.006179052604113611,,True,False,False,False,23.0,,False,False,False,False,25800.0,,True,False,True,False,False,False,False,False
322,42997,0.3267607919506654,1396,272100,,,,,2253.0,,True,False,True,False,0.017331914121864522,,True,False,True,False,4.0,,False,False,False,False,15900.0,,True,False,False,False,True,False,False,False
323,54852,0.44846796657381616,1261,537700,,,,,-432.0,,False,False,False,False,0.020225228581293886,,True,False,True,False,25.0,,False,False,False,False,44500.0,,True,False,True,False,False,False,False,False
324,53128,0.3909229783669246,1297,636800,,,,,726.0,,False,False,False,False,-0.003421596485747136,,False,False,False,False,31.0,,False,False,False,False,30800.0,,True,False,True,False,False,False,False,False
325,54693,0.39018773117454114,1820,421300,,,,,3053.0,,True,False,True,False,0.006056839985081941,,True,False,False,False,61.0,,True,False,False,False,14500.0,,True,False,False,False,True,False,False,False
326,26948,0.2503496928784285,1150,208300,,,,,1080.0,,False,False,False,False,0.014100396839382134,,True,False,True,False,68.0,,True,False,False,False,14300.0,,True,False,False,False,False,False,False,False
327,67858,0.4572677161444108,1638,903900,,,,,3250.0,,True,False,True,False,0.00680959768448991,,True,False,False,False,119.0,,True,False,True,False,52000.0,,True,False,True,False,True,False,False,False
328,40185,0.25980277060342805,1247,223700,,,,,3581.0,,True,False,True,False,0.011364787306180901,,True,False,False,False,43.0,,True,False,False,False,12700.0,,False,False,False,False,True,False,False,False
329,66429,0.46934574420477937,1837,536800,,,,,2877.0,,True,False,True,False,0.03235822192313942,,True,False,True,False,341.0,,True,False,True,False,17700.0,,True,False,False,False,True,True,False,False
330,53841,0.37255002302850415,1382,369200,,,,,-214.0,,False,False,False,False,-0.0016961820037270647,,False,False,False,False,44.0,,True,False,False,False,21300.0,,True,False,False,False,False,False,False,False
331,59910,0.4059158945117605,1875,454600,,,,,2361.0,,True,False,True,False,0.009305097215714597,,True,False,False,False,310.0,,True,False,True,False,26600.0,,True,False,True,False,True,False,False,False
332,36843,0.24827201005375968,1459,235600,,,,,22.0,,False,False,False,False,0.026420652688383617,,True,False,True,False,69.0,,True,False,True,False,12900.0,,False,False,False,False,False,False,False,False
333,55414,0.4147511997979288,1423,344700,,,,,1830.0,,True,False,False,False,0.01238412172778508,,True,False,False,False,27.0,,False,False,False,False,22300.0,,True,False,False,False,True,False,False,False
334,45331,0.3451079782459475,1213,416300,,,,,3757.0,,True,False,True,False,-0.007014689002770136,,False,False,False,False,35.0,,False,False,False,False,27300.0,,True,False,True,False,False,False,False,False
335,68777,0.41943982251802553,1365,730800,,,,,3557.0,,True,False,True,False,-0.016121036670518618,,False,False,False,False,36.0,,False,False,False,False,30500.0,,True,False,True,False,False,False,False,False
336,71144,0.3821962536518302,2512,623900,,,,,7193.0,,True,False,True,False,-0.006930306062964797,,False,False,False,False,670.0,,True,False,True,False,44400.0,,True,False,True,False,False,False,False,False
337,40059,0.4407555333666167,1375,483300,,,,,2780.0,,True,False,True,False,0.013318087292414793,,True,False,False,False,76.0,,True,False,True,False,33300.0,,True,False,True,False,True,False,False,False
338,84226,0.4910547118785105,2262,448100,,,,,2872.0,,True,False,True,False,0.02456388344067334,,True,False,True,False,312.0,,True,False,True,False,12700.0,,False,False,False,False,True,True,False,False
339,54629,0.398747553816047,1560,496200,,,,,564.0,,False,False,False,False,0.008189613901883885,,True,False,False,False,107.0,,True,False,True,False,13800.0,,True,False,False,False,False,False,False,False
340,30110,0.26091869972744797,1114,275500,,,,,945.0,,False,False,False,False,0.0076421154820757176,,True,False,False,False,53.0,,True,False,False,False,21700.0,,True,False,False,False,False,False,False,False
341,34314,0.2608994164092001,1196,222400,,,,,1794.0,,True,False,False,False,0.0053230144913347655,,True,False,False,False,54.0,,True,False,False,False,20200.0,,True,False,False,False,True,False,False,False
342,26052,0.09913793103448276,1261,147400,,,,,2286.0,,True,False,True,False,0.007023078972101179,,True,False,False,False,45.0,,True,False,False,False,14000.0,,True,False,False,False,True,False,False,False
343,48971,0.36851551149474404,1364,295200,,,,,1966.0,,True,False,False,False,-0.0028513124809098067,,False,False,False,False,90.0,,True,False,True,False,24000.0,,True,False,True,False,False,False,False,False
344,7491,0.4326250856751199,1313,431300,,,,,539.0,,False,False,False,False,0.012661434060412813,,True,False,False,False,75.0,,True,False,True,False,-13400.0,,False,False,False,False,False,False,False,False
345,52828,0.3862516996525155,1287,444100,,,,,1010.0,,False,False,False,False,0.003639814105927064,,False,False,False,False,27.0,,False,False,False,False,29500.0,,True,False,True,False,False,False,False,False
346,41129,0.33224521773193183,1171,257500,,,,,2913.0,,True,False,True,False,0.015175228820575759,,True,False,True,False,39.0,,False,False,False,False,29300.0,,True,False,True,False,True,True,False,False
347,45657,0.3494809688581315,1577,344200,,,,,-2610.0,,False,False,False,False,-0.030317315049741445,,False,False,False,False,87.0,,True,False,True,False,14200.0,,True,False,False,False,False,False,False,False
348,51447,0.35468936020106706,1425,418900,,,,,2534.0,,True,False,True,False,0.01556324302132528,,True,False,True,False,72.0,,True,False,True,False,30000.0,,True,False,True,False,True,True,False,False
349,26884,0.15282800884066708,1105,199600,,,,,587.0,,False,False,False,False,0.0003612959952888073,,False,False,False,False,47.0,,True,False,False,False,22300.0,,True,False,False,False,False,False,False,False
350,30373,0.083901571301512,1280,148300,,,,,3456.0,,True,False,True,False,0.0003583561163040677,,False,False,False,False,51.0,,True,False,False,False,10900.0,,False,False,False,False,False,False,False,False
351,41325,0.4256508824043334,1414,423100,,,,,1098.0,,True,False,False,False,-0.007137168804770444,,False,False,False,False,55.0,,True,False,False,False,40400.0,,True,False,True,False,False,False,False,False
352,41474,0.2714314029929636,1383,232700,,,,,1947.0,,True,False,False,False,0.00991620514054159,,True,False,False,False,28.0,,False,False,False,False,18100.0,,True,False,False,False,True,False,False,False
353,65449,0.42671971252566737,1507,849600,,,,,4088.0,,True,False,True,False,0.008533272924726887,,True,False,False,False,55.0,,True,False,False,False,26800.0,,True,False,True,False,True,False,False,False
354,25994,0.23274680073126142,1179,284400,,,,,1088.0,,True,False,False,False,0.020895784929907013,,True,False,True,False,79.0,,True,False,True,False,38900.0,,True,False,True,False,True,False,False,False
355,47974,0.45865293684984765,1257,473500,,,,,4421.0,,True,False,True,False,0.0009025788020344816,,False,False,False,False,68.0,,True,False,False,False,26100.0,,True,False,True,False,False,False,False,False
356,47676,0.43948726047588965,1428,553300,,,,,4362.0,,True,False,True,False,0.008655639121069869,,True,False,False,False,84.0,,True,False,True,False,52700.0,,True,False,True,False,True,False,False,False
357,30733,0.10740354535974973,1546,167700,,,,,-379.0,,False,False,False,False,-0.00298364749207454,,False,False,False,False,42.0,,True,False,False,False,7500.0,,False,False,False,False,False,False,False,False
358,76276,0.44061999708921556,2424,467000,,,,,3033.0,,True,False,True,False,0.01410242520423155,,True,False,True,False,115.0,,True,False,True,False,19500.0,,True,False,False,False,True,True,False,False
359,21694,0.07100591715976332,1095,-666666666,,,,,714.0,,False,False,False,False,0.014695237548112833,,True,False,True,False,28.0,,False,False,False,False,-666724966.0,,False,False,False,False,False,False,False,False
